dataset,axis,level,frames,inside_fov_pct,score_mean,n_edge_median,score_threshold,detect_rate_pct,score_drop_vs_clean_pct,hit_pct_near<15m,shift_px_near<15m,n_obj_near<15m,hit_pct_mid15-30m,shift_px_mid15-30m,n_obj_mid15-30m,hit_pct_far>30m,shift_px_far>30m,n_obj_far>30m
kitti,none,0.0,20,15.75434658604215,0.1194131202995777,913.5,0.007057129219174361,5.0,0.0,100.0,0.0,32,100.0,0.0,40,100.0,0.0,36
kitti,yaw,0.5,20,15.76123161429742,0.10054246379683411,918.5,0.007057129219174361,5.0,80.0,98.19494584837545,7.897778796055359,32,95.87337478801582,7.462035656340159,40,88.94549159449822,6.800199794661378,36
kitti,yaw,1.0,20,15.764450610280317,0.0761560751125216,925.0,0.007057129219174361,10.0,85.0,95.57286718601559,15.821463508472647,32,88.28905219521387,14.91975349249207,40,71.11563932755986,13.587080052750359,36
kitti,yaw,2.0,20,15.766109795804661,0.047435740257302905,961.5,0.007057129219174361,20.0,100.0,88.5458230413579,31.75542319671131,32,75.71132466553608,29.82958121434505,40,43.250127356087624,27.12602543510406,36
kitti,yaw,3.0,20,15.773976018303852,0.0327180025478204,1029.0,0.007057129219174361,40.0,100.0,81.84178858699094,47.81993795561187,32,63.85905407951762,44.74415025808546,40,25.063678043810494,40.627039632850305,36
kitti,pitch,0.5,20,15.380139533621934,0.07574170728524522,923.0,0.007057129219174361,15.0,95.0,95.35752739248844,6.716383638601734,32,92.55700018843038,6.404836729817595,40,84.46255731023943,6.3477701188648,36
kitti,pitch,1.0,20,15.01970822080931,0.050242401907841336,902.0,0.007057129219174361,25.0,90.0,90.63905250490848,13.450671256316413,32,85.80177124552478,12.814913681708529,40,62.60825267447784,12.698425126368583,36
kitti,pitch,2.0,20,14.272045637676849,0.026378623396158218,899.5,0.007057129219174361,50.0,95.0,80.51808220913294,26.978011762538387,32,69.92651215375919,25.655079688025936,40,31.889964340295467,25.41242762720554,36
kitti,pitch,3.0,20,13.503612403300568,0.0032613094585637256,876.5,0.007057129219174361,55.00000000000001,95.0,69.4502501741719,40.59226649929513,32,52.74166195590729,38.52912525627994,40,14.314824248599082,38.150111313302276,36
kitti,roll,0.5,20,15.757992153927116,0.10823909516135846,929.5,0.007057129219174361,0.0,60.0,99.16080815757806,2.7569765374752935,32,98.59619370642548,2.2293421211916433,40,98.77738155883851,1.3352417271274182,36
kitti,roll,1.0,20,15.75734750965207,0.09547861994554593,929.0,0.007057129219174361,0.0,80.0,98.04610804990817,5.51385477851815,32,95.92048238175994,4.458656129572695,40,96.94345389709628,2.670482246710088,36
kitti,roll,2.0,20,15.74978882328854,0.053739080826441424,919.0,0.007057129219174361,20.0,95.0,95.54119956932041,11.027105268206453,32,91.95402298850574,8.917029788523001,40,93.63219561895059,5.340857901454663,36
kitti,roll,3.0,20,15.786283376911815,0.038338016035656106,923.5,0.007057129219174361,35.0,95.0,92.52644245994047,16.539329377063176,32,87.47880158281515,13.374780931820352,40,87.51910341314314,8.01092340719119,36
kitti,tx,2.0,20,15.808151066738763,0.12180664204061029,909.5,0.007057129219174361,10.0,35.0,99.97466590664386,1.1058909952310876,32,99.99057848125118,0.2882404876717077,40,99.9490575649516,0.08847122677599112,36
kitti,tx,5.0,20,15.921685808476251,0.12163427850852404,905.5,0.007057129219174361,5.0,40.0,99.92083095826209,2.747474122542534,32,99.95289240625588,0.7193210020198177,40,99.8981151299032,0.22098278831706886,36
kitti,tx,10.0,20,16.082090259591517,0.11755574643611902,887.0,0.007057129219174361,5.0,65.0,99.77515992146431,5.43851017144622,32,99.87752025626531,1.4343957212747662,40,99.8981151299032,0.4413162030206466,36
kitti,ty,2.0,20,15.755982847012353,0.12208472688992818,905.0,0.007057129219174361,10.0,40.0,99.6611565013617,2.224292649436188,32,99.8304126625212,0.7593360570348956,40,99.74528782475802,0.3892638162100496,36
kitti,ty,5.0,20,15.758044676591112,0.12256402994195614,868.5,0.007057129219174361,5.0,45.0,99.09430616251821,5.560711232224417,32,99.43470887507065,1.89833898695234,40,99.43963321446765,0.973159321086134,36
kitti,ty,10.0,20,15.759983572772777,0.11135323985169329,851.5,0.007057129219174361,5.0,75.0,97.97960605484832,11.121354498627523,32,98.47371396269078,3.796674121846684,40,98.82832399388691,1.9463179107142625,36
kitti,tz,2.0,20,15.913965857282946,0.12250219788402314,943.0,0.007057129219174361,5.0,45.0,99.9809994299829,2.2271009149744785,32,99.92462785000941,0.7595444902138165,40,99.64340295466123,0.38929914556391015,36
kitti,tz,5.0,20,16.12350420347293,0.12032106822977462,967.0,0.007057129219174361,0.0,65.0,99.31281271771486,5.567473533038306,32,99.69851140003769,1.8988304377827685,40,99.13397860417727,0.9732396010315542,36
kitti,tz,10.0,20,16.47776430338946,0.08698744792491193,1057.0,0.007057129219174361,0.0,80.0,97.3715878143011,11.134018060876052,32,98.62445826267194,3.797558254819315,40,97.09628120224147,1.9464516598107906,36
nuscenes,none,0.0,80,8.726873938445635,0.025038572461105482,81.5,-0.037297028706719436,5.128205128205128,0.0,100.0,0.0,85,100.0,0.0,180,100.0,0.0,35
nuscenes,yaw,0.5,80,8.72356785564328,0.018965728129044106,80.0,-0.037297028706719436,7.59493670886076,60.256410256410255,98.26209488022546,13.635098037327046,85,98.08374733853798,12.988877722054823,180,99.37810945273633,12.118668443063667,35
nuscenes,yaw,1.0,80,8.723716049867722,0.011650478693299014,81.0,-0.037297028706719436,10.126582278481013,60.256410256410255,95.5847815875998,27.292709018071324,85,94.40738112136268,26.00387742767069,180,95.02487562189054,24.271433259949124,35
nuscenes,yaw,2.0,80,8.717850648094972,0.00877936388059412,78.5,-0.037297028706719436,15.18987341772152,62.82051282051282,87.7501174260216,54.689233978822045,85,83.59119943222143,52.12449102712872,180,80.59701492537313,48.68884807868734,35
nuscenes,yaw,3.0,80,8.712021552404073,0.0025432064904185934,75.0,-0.037297028706719436,15.18987341772152,65.38461538461539,78.87271019257868,82.21737191207484,85,70.80198722498226,78.38662206565469,180,63.930348258706466,73.27171884240595,35
nuscenes,pitch,0.5,80,8.737493434654887,0.026307052753081636,80.5,-0.037297028706719436,10.256410256410255,52.56410256410257,99.71817754814467,4.214209431593161,85,99.347054648687,3.864833150354102,180,99.87562189054727,2.995007188333232,35
nuscenes,pitch,1.0,80,8.741307914142364,0.023571612545225405,81.0,-0.037297028706719436,10.256410256410255,50.0,99.37999060591827,8.428234484407344,85,98.708303761533,7.729336032724645,180,99.6268656716418,5.989794627204596,35
nuscenes,pitch,2.0,80,8.735980569929472,0.02007630108218861,82.5,-0.037297028706719436,7.6923076923076925,57.692307692307686,97.81117895725693,16.85540436677867,85,96.1958836053939,15.457057801461744,180,98.00995024875621,11.978483280657372,35
nuscenes,pitch,3.0,80,8.740947641810527,0.016216864636263394,83.0,-0.037297028706719436,3.8461538461538463,55.12820512820513,95.59417566932832,25.2808556963065,85,91.69623846699787,23.18257943542453,180,88.43283582089552,17.965612342943125,35
nuscenes,roll,0.5,80,8.869090482378127,0.03797291119137188,83.0,-0.037297028706719436,3.8461538461538463,38.46153846153847,99.2390793799906,12.19859242765095,85,99.61674946770759,11.38039227685846,180,99.25373134328358,11.228878242336918,35
nuscenes,roll,1.0,80,9.057376254581595,0.02306289634066354,85.0,-0.037297028706719436,1.282051282051282,56.41025641025641,97.05025833724753,24.36464468611314,85,95.44357700496806,22.750461827127246,180,88.93034825870647,22.452706157827937,35
nuscenes,roll,2.0,80,9.435528693558634,0.011666382199405037,86.5,-0.037297028706719436,11.538461538461538,57.692307692307686,91.69563175199625,48.6084994416232,85,85.39389638041163,45.46735329357221,180,58.582089552238806,44.89248089641816,35
nuscenes,roll,3.0,80,9.786179565543927,0.014867685447514397,87.0,-0.037297028706719436,5.128205128205128,58.97435897435898,86.57585720995773,72.75008720588274,85,64.40028388928317,68.16606494414468,180,28.980099502487562,67.33384820814011,35
nuscenes,tx,2.0,80,8.725254831288797,0.02321093530159315,82.5,-0.037297028706719436,7.6923076923076925,50.0,99.5678722404885,3.2473667647768254,85,99.91483321504613,1.4006215180939203,180,100.0,0.8118086716068856,35
nuscenes,tx,5.0,80,8.726154100532018,0.020219638447165796,85.0,-0.037297028706719436,8.974358974358974,56.41025641025641,99.16392672616252,8.118585433113273,85,99.73030518097941,3.501580047968681,180,99.75124378109453,2.0295315270632948,35
nuscenes,tx,10.0,80,8.724066809151058,0.02278216854464181,79.0,-0.037297028706719436,5.128205128205128,51.28205128205128,98.18694222639736,16.237732667602707,85,99.40383250532292,7.003247613673187,180,99.75124378109453,4.059095882015536,35
nuscenes,ty,2.0,80,8.761400980070423,0.026331636151219265,83.5,-0.037297028706719436,10.256410256410255,47.43589743589743,99.99060591827148,1.1729854155291517,85,100.0,0.5036679776045685,180,100.0,0.2259268699360812,35
nuscenes,ty,5.0,80,8.808241896193447,0.02553016153506487,82.5,-0.037297028706719436,8.974358974358974,48.717948717948715,99.94363550962893,2.920406379044988,85,99.97161107168205,1.2569264987508113,180,100.0,0.5642504353426684,35
nuscenes,ty,10.0,80,8.890221323972881,0.023243189990171213,83.0,-0.037297028706719436,6.25,51.28205128205128,99.90605918271488,5.8010915390746405,85,99.97161107168205,2.506411589023114,180,100.0,1.1266168591621706,35
nuscenes,tz,2.0,80,8.793733809169332,0.029841335765961697,87.5,-0.037297028706719436,7.6923076923076925,39.743589743589745,99.93424142790042,3.259526345106447,85,100.0,1.4041465052854258,180,99.87562189054727,0.8129857889590885,35
nuscenes,tz,5.0,80,8.870170370375241,0.03677450454322236,92.0,-0.037297028706719436,5.128205128205128,27.27272727272727,99.4833255049319,8.14778611593026,85,99.97161107168205,3.5101352773490375,180,99.87562189054727,2.0324003556727903,35
nuscenes,tz,10.0,80,9.067856113943746,0.03916219307820973,100.0,-0.037297028706719436,1.2658227848101267,32.05128205128205,98.84452794739315,16.29214123606798,85,99.95741660752307,7.01950077870233,180,99.87562189054727,4.064587011868991,35
