frame,inside_with_ego,inside_no_ego,mean_shift_px,median_shift_px_lt15m,median_shift_px_ge30m,dt_cam_minus_lidar_ms
scene-0103_000,2984,2776,13.900610044302042,20.6145113045684,3.1421396634309198,-35.186
scene-0103_001,3047,2844,12.946126541557781,19.12041859899443,3.2922691009532525,-35.621
scene-0103_002,3084,2882,12.761000933115032,19.72244029161836,4.055661846457881,-35.489
scene-0103_003,3100,2899,12.724692053867678,18.384059788319536,4.434014349260167,-35.365
scene-0103_004,3062,2849,13.248827979823163,17.94751578989803,5.159865024280831,-35.788
scene-0103_005,3083,2864,15.831252755153068,21.963944267713327,4.308932496719881,-36.226
scene-0103_006,3180,2957,14.615017060860273,19.260535700721256,4.863087333716964,-36.662
scene-0103_007,3143,2902,16.419758215341766,21.38406853892051,3.77929172485566,-36.529
scene-0103_008,2968,2736,14.87050025572539,21.19315865506243,3.6564847679782577,-36.42
scene-0103_009,3044,2833,13.315317380786164,19.88351721284294,4.283234187768991,-35.747
scene-0103_010,3120,2911,13.73045942521358,20.765210941429274,3.658966485655701,-35.616
scene-0103_011,3097,2907,11.141100667597582,15.509366659760513,1.9635516712133863,-35.486
scene-0103_012,3023,2857,9.539437935403344,12.606083209574768,1.377091479271147,-35.362
scene-0103_013,3024,2909,7.967473196828916,10.079565216266616,1.0354205251997595,-34.621
scene-0103_014,3013,2935,6.028443758566732,7.7860563902459505,0.8982671544054761,-34.495
scene-0103_015,2935,2885,4.346990845700222,5.460065425452772,0.9587917920581028,-34.381
scene-0103_016,2951,2915,3.062665938783293,4.053532367574754,0.592379897584272,-34.232
scene-0103_017,2940,2909,2.816216318567157,3.8250121340564487,0.3074266100559251,-34.33
scene-0103_018,2938,2902,2.840579756268265,3.896067593065885,0.4971382242245773,-34.775
scene-0103_019,2958,2915,3.158244011626718,4.253646978879951,0.5945466061459084,-35.184
scene-0103_020,2990,2950,3.811646884234523,5.072853215201956,0.9811336890463749,-35.616
scene-0103_021,2996,2948,4.145632348630242,5.628562702380236,0.9683604684827886,-35.818
scene-0103_022,2943,2885,5.291210374006555,7.302466367971074,1.042646184258635,-37.76
scene-0103_023,2992,2915,5.465379108391079,7.825817489509712,1.4054606776172156,-36.132
scene-0103_024,2952,2864,6.449324976457036,9.232165575165288,1.4364535670671095,-35.993
scene-0103_025,2941,2854,7.260966522576125,10.128861673474239,1.5125248183772104,-35.329
scene-0103_026,2882,2793,7.376262302392867,10.082368649041637,1.39784881199588,-35.202
scene-0103_027,2840,2718,8.964871479277443,12.40842335275283,1.728137587482494,-35.086
scene-0103_028,2791,2663,8.74191079152799,12.115807334365476,1.6632118037143806,-34.646
scene-0103_029,2785,2659,9.054903481709356,12.116677868723068,2.2178389888253878,-34.833
scene-0103_030,2826,2675,9.833495686092007,13.038995582093506,2.2004534807980285,-34.73
scene-0103_031,2820,2644,10.173075712500417,13.768395843369962,1.8624687248881482,-34.589
scene-0103_032,2837,2664,10.799594204324075,14.35363598796543,2.020738052452316,-34.462
scene-0103_033,2853,2663,12.019693876105343,16.5191947736895,2.439484292115639,-34.855
scene-0103_034,2844,2654,12.057388639784982,15.62036085118994,2.630280295026096,-35.341
scene-0103_035,2809,2607,12.704611104009683,16.523862234939063,2.620696469214065,-35.302
scene-0103_036,2795,2601,13.390107592015767,18.122505757038645,1.727785276060934,-35.645
scene-0103_037,2721,2516,13.810179457525892,18.153643684867806,1.9023520017358333,-35.524
scene-0103_038,2734,2498,15.330932301516025,19.13801135226325,2.2386972212961056,-36.512
scene-0103_039,2695,2499,13.702723581170277,17.667516600602724,2.2934411417849936,-35.823
scene-1094_000,3549,3547,0.19747390129289386,0.25581013654676876,0.10658090313172294,-35.659
scene-1094_001,3555,3552,0.1952377108351601,0.3007760481367109,0.06600026000268576,-35.521
scene-1094_002,3551,3543,0.6379570054401671,0.8886159506390142,0.3960493954916392,-35.437
scene-1094_003,3581,3567,0.7955175507606836,1.156879205396699,0.3233279625546349,-34.719
scene-1094_004,3602,3571,1.33831533092271,2.1454179059785776,0.43393760856164354,-34.599
scene-1094_005,3548,3498,2.010360844325381,3.355842897840272,0.664461381703509,-35.025
scene-1094_006,3602,3571,2.5490463603712623,3.2818053180069895,1.9924351315839977,-34.918
scene-1094_007,3678,3597,3.8045453010594423,6.197956850668683,1.9813661265664844,-37.683
scene-1094_008,3646,3561,3.9783584122152953,6.3228193493327325,2.0430649398253182,-35.245
scene-1094_009,3620,3548,4.470404564961212,5.791549673505083,2.328101336223469,-35.631
scene-1094_010,3592,3493,8.463357194648443,7.706286209554002,6.677684914959302,-35.018
scene-1094_011,3559,3453,12.09635570494681,9.782220509257408,11.478351263075801,-34.853
scene-1094_012,3384,3277,17.409764725072005,15.185448874922661,15.608389644165396,-35.276
scene-1094_013,3177,3070,20.821498075477926,18.026950613608307,19.01275420399714,-35.257
scene-1094_014,2899,2802,22.325336692600345,20.143443068254598,21.583917764322173,-35.573
scene-1094_015,2825,2718,22.363604259935027,20.465737695751958,21.44989801321977,-35.995
scene-1094_016,2790,2657,12.191930299257523,12.179974428344984,9.340195912257187,-37.0
scene-1094_017,2795,2653,10.16428979089575,13.39304020102883,1.7072695198325676,-37.959
scene-1094_018,2766,2605,10.791485346864677,13.009245177556105,2.683334847377208,-37.842
scene-1094_019,2829,2675,12.056332744478327,13.995316190370634,2.5735561739038983,-37.727
scene-1094_020,2805,2622,13.59047775214596,17.502353075680226,1.544018158198232,-37.269
scene-1094_021,2784,2623,11.77090419010519,16.61178691930662,1.8434265651606179,-36.582
scene-1094_022,2873,2690,12.433159532087007,18.161216014681035,2.1192349157215644,-36.463
scene-1094_023,2989,2796,13.330373487418127,19.116458546546184,2.760978594899476,-39.535
scene-1094_024,2983,2811,12.717324519858966,18.58964555167568,2.2744995316562098,-34.889
scene-1094_025,2993,2813,13.25269713233279,17.945730422994632,2.7672184149089682,-34.766
scene-1094_026,3004,2831,13.539046363877574,18.757810917775302,2.917930002135529,-34.626
scene-1094_027,3019,2797,15.451613726516566,22.27261390583783,3.0035933844183202,-35.095
scene-1094_028,2981,2777,14.04136771520107,20.55951094571772,2.692125203573428,-35.502
scene-1094_029,3048,2862,13.662884754869214,19.38186365196857,3.5461243605865223,-35.44
scene-1094_030,3095,2898,14.373652528262216,21.57769957232792,3.5757829324468338,-35.245
scene-1094_031,3088,2900,14.506146299446346,21.79186319698475,3.1687918354712954,-35.112
scene-1094_032,2999,2808,15.562478057825677,21.289527770903454,3.891817514014528,-35.543
scene-1094_033,3016,2802,16.895209011833774,22.34521922308749,5.213107773025161,-35.994
scene-1094_034,2856,2611,19.413126177930547,26.568175842953337,4.4333116550967455,-35.86
scene-1094_035,2820,2588,18.424241208908878,24.526075055299856,4.226921394757513,-35.423
scene-1094_036,2760,2522,20.36729017936909,25.712470537071596,4.6831230026368615,-35.614
scene-1094_037,2715,2488,18.802962195998187,24.27527424295841,4.541921647434272,-36.027
scene-1094_038,2624,2363,20.392126917206095,25.449922120143288,3.075841946827812,-35.901
scene-1094_039,2642,2409,20.367392975684602,27.25443088920985,3.4652946738901367,-35.228
