frame,ego_motion,score,n_edge,dt_ms,n_objs
scene-0103_000,True,0.10854144270221391,65,-35.186,0
scene-0103_000,False,0.026566386222839355,63,-35.186,0
scene-0103_001,True,0.02539888396859169,99,-35.621,1
scene-0103_001,False,-0.013304196298122406,115,-35.621,1
scene-0103_002,True,0.025171282390753433,89,-35.489,1
scene-0103_002,False,0.05851101130247116,104,-35.489,1
scene-0103_003,True,0.09920547902584076,69,-35.365,2
scene-0103_003,False,0.04065428425868353,82,-35.365,2
scene-0103_004,True,0.053360114494959504,105,-35.788,3
scene-0103_004,False,0.031007609019676835,110,-35.788,2
scene-0103_005,True,0.05082058409849803,65,-36.226,2
scene-0103_005,False,0.0437333770096302,62,-36.226,2
scene-0103_006,True,0.12658786649505296,40,-36.662,2
scene-0103_006,False,0.08226919608811538,46,-36.662,2
scene-0103_007,True,0.024592280387878418,36,-36.529,2
scene-0103_007,False,-0.03262670710682869,38,-36.529,2
scene-0103_008,True,,15,-36.42,2
scene-0103_008,False,,16,-36.42,2
scene-0103_009,True,0.12111464515328407,26,-35.747,3
scene-0103_009,False,0.2505992781370878,20,-35.747,3
scene-0103_010,True,,18,-35.616,4
scene-0103_010,False,0.021374866366386414,22,-35.616,4
scene-0103_011,True,0.12315732209632795,26,-35.486,3
scene-0103_011,False,-0.04913034165898959,34,-35.486,2
scene-0103_012,True,-0.0060830023139715195,65,-35.362,3
scene-0103_012,False,-0.007426232099533081,65,-35.362,3
scene-0103_013,True,-0.016430004189411804,66,-34.621,3
scene-0103_013,False,0.030491704742113754,59,-34.621,3
scene-0103_014,True,0.003280285745859146,90,-34.495,3
scene-0103_014,False,0.008972551673650742,97,-34.495,3
scene-0103_015,True,-0.03295792266726494,115,-34.381,3
scene-0103_015,False,-0.023663561791181564,115,-34.381,3
scene-0103_016,True,0.0033695120364427567,151,-34.232,2
scene-0103_016,False,0.006933089345693588,150,-34.232,2
scene-0103_017,True,0.05917815864086151,144,-34.33,3
scene-0103_017,False,0.052947670221328735,145,-34.33,3
scene-0103_018,True,0.005328165988127381,138,-34.775,4
scene-0103_018,False,-0.0015018383661905832,138,-34.775,4
scene-0103_019,True,-0.0017544801036516872,111,-35.184,4
scene-0103_019,False,0.021598686774571732,102,-35.184,4
scene-0103_020,True,0.006070226430892944,135,-35.616,5
scene-0103_020,False,0.017752914379040405,134,-35.616,5
scene-0103_021,True,0.028447182228167847,133,-35.818,5
scene-0103_021,False,0.049211535602808,135,-35.818,5
scene-0103_022,True,0.023290250450372696,91,-37.76,3
scene-0103_022,False,0.018619443600376442,90,-37.76,3
scene-0103_023,True,0.07094484443465869,133,-36.132,4
scene-0103_023,False,0.07606241417427857,129,-36.132,4
scene-0103_024,True,0.02701067334661881,90,-35.993,7
scene-0103_024,False,0.01725524632881085,83,-35.993,6
scene-0103_025,True,0.0032991214344898837,86,-35.329,5
scene-0103_025,False,0.0051574084597329276,92,-35.329,5
scene-0103_026,True,0.016566292693217598,73,-35.202,4
scene-0103_026,False,0.014015827948848404,83,-35.202,4
scene-0103_027,True,0.05512049856285254,76,-35.086,4
scene-0103_027,False,0.05497697088867426,80,-35.086,4
scene-0103_028,True,0.005244389176368713,78,-34.646,5
scene-0103_028,False,-0.00277105625718832,78,-34.646,5
scene-0103_029,True,0.00735604390501976,68,-34.833,4
scene-0103_029,False,0.010314101974169418,75,-34.833,4
scene-0103_030,True,0.13265475009878477,69,-34.73,5
scene-0103_030,False,0.053074662884076446,70,-34.73,5
scene-0103_031,True,0.030088189989328384,75,-34.589,7
scene-0103_031,False,0.028776802743474633,83,-34.589,6
scene-0103_032,True,-0.02828849231203398,65,-34.462,8
scene-0103_032,False,-0.02348148450255394,71,-34.462,8
scene-0103_033,True,0.02951367385685444,42,-34.855,6
scene-0103_033,False,0.03257936239242554,49,-34.855,6
scene-0103_034,True,-0.04798501233259836,37,-35.341,5
scene-0103_034,False,-0.08169066657622656,34,-35.341,5
scene-0103_035,True,0.130564094055444,45,-35.302,7
scene-0103_035,False,0.15994444334258634,38,-35.302,7
scene-0103_036,True,-0.026173139611879975,47,-35.645,6
scene-0103_036,False,-0.01557181930790344,44,-35.645,6
scene-0103_037,True,0.04409828037023544,67,-35.524,5
scene-0103_037,False,0.026120899866024644,61,-35.524,5
scene-0103_038,True,0.04663191068296631,93,-36.512,7
scene-0103_038,False,-0.038194411123792335,72,-36.512,7
scene-0103_039,True,0.043757144982616104,39,-35.823,5
scene-0103_039,False,0.028435237822122872,39,-35.823,5
scene-1094_000,True,-0.06932551910479864,138,-35.659,4
scene-1094_000,False,-0.06978257248799005,136,-35.659,4
scene-1094_001,True,0.010944587488969176,134,-35.521,5
scene-1094_001,False,0.009026333689689636,134,-35.521,5
scene-1094_002,True,0.15759243567784625,103,-35.437,6
scene-1094_002,False,0.18551790962616602,105,-35.437,6
scene-1094_003,True,0.04827006409565607,92,-34.719,6
scene-1094_003,False,0.06721586858232817,97,-34.719,6
scene-1094_004,True,0.014258282879988371,59,-34.599,5
scene-1094_004,False,0.023326496283213316,60,-34.599,5
scene-1094_005,True,-0.08962235351403552,77,-35.025,5
scene-1094_005,False,-0.09766535212596256,79,-35.025,5
scene-1094_006,True,-0.06905888145168623,70,-34.918,5
scene-1094_006,False,-0.08256028468410173,67,-34.918,5
scene-1094_007,True,0.0558401147524516,127,-37.683,3
scene-1094_007,False,0.04495215912659961,123,-37.683,3
scene-1094_008,True,0.042866356670856476,151,-35.245,6
scene-1094_008,False,0.060554832220077515,138,-35.245,6
scene-1094_009,True,-0.03510745366414389,113,-35.631,4
scene-1094_009,False,0.018400102853775024,108,-35.631,4
scene-1094_010,True,0.02967698872089386,71,-35.018,6
scene-1094_010,False,0.07298519710699719,73,-35.018,6
scene-1094_011,True,0.00046696265538534454,89,-34.853,7
scene-1094_011,False,0.024977393448352814,88,-34.853,7
scene-1094_012,True,-0.033325747897227614,80,-35.276,7
scene-1094_012,False,-0.06540548304716745,86,-35.276,7
scene-1094_013,True,0.08841479818026224,42,-35.257,8
scene-1094_013,False,0.07742280016342801,40,-35.257,8
scene-1094_014,True,0.002389413615067809,29,-35.573,8
scene-1094_014,False,-0.04879369835058847,27,-35.573,8
scene-1094_015,True,0.08425700850784779,56,-35.995,7
scene-1094_015,False,-0.009904655938347176,61,-35.995,7
scene-1094_016,True,0.00828728328148523,105,-37.0,6
scene-1094_016,False,0.014873035252094269,106,-37.0,5
scene-1094_017,True,0.07272874812285104,83,-37.959,4
scene-1094_017,False,0.046597601224978774,105,-37.959,4
scene-1094_018,True,0.011611440529425948,101,-37.842,3
scene-1094_018,False,0.015877364824215576,104,-37.842,3
scene-1094_019,True,0.05786133309205374,95,-37.727,4
scene-1094_019,False,0.04479554171363512,103,-37.727,4
scene-1094_020,True,0.01578239972392717,100,-37.269,3
scene-1094_020,False,-0.016832506904999406,110,-37.269,3
scene-1094_021,True,0.10536453500390053,94,-36.582,3
scene-1094_021,False,0.07460146521528563,82,-36.582,3
scene-1094_022,True,-0.015082730290790401,84,-36.463,2
scene-1094_022,False,-0.036130328973134354,66,-36.463,2
scene-1094_023,True,-0.012852858752012253,80,-39.535,2
scene-1094_023,False,0.013323620582620307,91,-39.535,1
scene-1094_024,True,0.04003974795341492,88,-34.889,2
scene-1094_024,False,0.019658178091049194,87,-34.889,2
scene-1094_025,True,0.0333154338101546,100,-34.766,2
scene-1094_025,False,-0.01278955054779847,125,-34.766,2
scene-1094_026,True,0.015470803404847785,110,-34.626,1
scene-1094_026,False,0.04085513390600681,117,-34.626,1
scene-1094_027,True,-0.0073798298835754395,141,-35.095,3
scene-1094_027,False,0.014459315687417984,152,-35.095,3
scene-1094_028,True,-0.035410913949211434,107,-35.502,1
scene-1094_028,False,-0.019493342066804573,113,-35.502,1
scene-1094_029,True,-0.013923975328604385,64,-35.44,3
scene-1094_029,False,0.022811316574613258,120,-35.44,2
scene-1094_030,True,0.04432736213008563,69,-35.245,2
scene-1094_030,False,0.0535519855717818,76,-35.245,2
scene-1094_031,True,0.04051149318305155,58,-35.112,1
scene-1094_031,False,0.06053535485019287,64,-35.112,1
scene-1094_032,True,-0.020547470698753997,76,-35.543,1
scene-1094_032,False,-0.01782967957357566,85,-35.543,1
scene-1094_033,True,-0.005460067341725022,79,-35.994,2
scene-1094_033,False,0.00540049994985263,101,-35.994,2
scene-1094_034,True,-0.005907859653234482,166,-35.86,1
scene-1094_034,False,-0.015208501989642784,175,-35.86,1
scene-1094_035,True,0.0019627250730991364,115,-35.423,0
scene-1094_035,False,0.02773420885205269,113,-35.423,0
scene-1094_036,True,0.0030414449671904292,160,-35.614,1
scene-1094_036,False,-0.014537105957667038,180,-35.614,1
scene-1094_037,True,-0.0169815303136905,75,-36.027,0
scene-1094_037,False,0.02721078569690387,82,-36.027,0
scene-1094_038,True,0.01774817705154419,64,-35.901,2
scene-1094_038,False,-0.056233231599132225,80,-35.901,2
scene-1094_039,True,0.009874366844693817,90,-35.228,2
scene-1094_039,False,0.027364502272879086,74,-35.228,2
